https://aq.lianjia.com//ershoufang/susongxian/,宿松县
https://aq.lianjia.com//ershoufang/yuexixian/,岳西县
https://aq.lianjia.com//ershoufang/huainingxian/,怀宁县
https://aq.lianjia.com//ershoufang/wangjiangxian/,望江县
https://aq.lianjia.com//ershoufang/tongchengshi/,桐城市
https://aq.lianjia.com//ershoufang/qianshanxian/,潜山县
https://aq.lianjia.com//ershoufang/yingjiangqu/,迎江区
https://hf.lianjia.com//ershoufang/baohe/,包河
https://hf.lianjia.com//ershoufang/shushan/,蜀山
https://hf.lianjia.com//ershoufang/luyang/,庐阳
https://hf.lianjia.com//ershoufang/yaohai/,瑶海
https://hf.lianjia.com//ershoufang/zhengwu/,政务
https://hf.lianjia.com//ershoufang/binhuxinqu/,滨湖新区
https://hf.lianjia.com//ershoufang/jingkai2/,经开
https://hf.lianjia.com//ershoufang/gaoxin8/,高新
https://hf.lianjia.com//ershoufang/xinzhan/,新站
https://hf.lianjia.com//ershoufang/feidong/,肥东
https://hf.lianjia.com//ershoufang/feixi/,肥西
https://hf.lianjia.com//ershoufang/changfeng/,长丰
https://mas.lianjia.com//ershoufang/bowangqu/,博望区
https://mas.lianjia.com//ershoufang/hanshanxian/,含山县
https://mas.lianjia.com//ershoufang/hexian/,和县
https://mas.lianjia.com//ershoufang/dangtuxian/,当涂县
https://mas.lianjia.com//ershoufang/huashanqu/,花山区
https://mas.lianjia.com//ershoufang/yushanqu/,雨山区
https://wuhu.lianjia.com//ershoufang/sanshanqu/,三山区
https://wuhu.lianjia.com//ershoufang/nanlingxian/,南陵县
https://wuhu.lianjia.com//ershoufang/yijiangqu/,弋江区
https://wuhu.lianjia.com//ershoufang/wuweixian/,无为县
https://wuhu.lianjia.com//ershoufang/fanchangxian/,繁昌县
https://wuhu.lianjia.com//ershoufang/jingjikaifaqu/,经济开发区
https://wuhu.lianjia.com//ershoufang/wuhuxian/,芜湖县
https://wuhu.lianjia.com//ershoufang/jinghuqu/,镜湖区
https://wuhu.lianjia.com//ershoufang/jiujiangqu/,鸠江区
https://bj.lianjia.com//ershoufang/dongcheng/,东城
https://bj.lianjia.com//ershoufang/xicheng/,西城
https://bj.lianjia.com//ershoufang/chaoyang/,朝阳
https://bj.lianjia.com//ershoufang/haidian/,海淀
https://bj.lianjia.com//ershoufang/fengtai/,丰台
https://bj.lianjia.com//ershoufang/shijingshan/,石景山
https://bj.lianjia.com//ershoufang/tongzhou/,通州
https://bj.lianjia.com//ershoufang/changping/,昌平
https://bj.lianjia.com//ershoufang/daxing/,大兴
https://bj.lianjia.com//ershoufang/yizhuangkaifaqu/,亦庄开发区
https://bj.lianjia.com//ershoufang/shunyi/,顺义
https://bj.lianjia.com//ershoufang/fangshan/,房山
https://bj.lianjia.com//ershoufang/mentougou/,门头沟
https://bj.lianjia.com//ershoufang/pinggu/,平谷
https://bj.lianjia.com//ershoufang/huairou/,怀柔
https://bj.lianjia.com//ershoufang/miyun/,密云
https://bj.lianjia.com//ershoufang/yanqing/,延庆
https://bj.lianjia.com/https://lf.lianjia.com/ershoufang/yanjiao/,燕郊
https://bj.lianjia.com/https://lf.lianjia.com/ershoufang/xianghe/,香河
https://cq.lianjia.com//ershoufang/jiangbei/,江北
https://cq.lianjia.com//ershoufang/yubei/,渝北
https://cq.lianjia.com//ershoufang/nanan/,南岸
https://cq.lianjia.com//ershoufang/banan/,巴南
https://cq.lianjia.com//ershoufang/shapingba/,沙坪坝
https://cq.lianjia.com//ershoufang/jiulongpo/,九龙坡
https://cq.lianjia.com//ershoufang/yuzhong/,渝中
https://cq.lianjia.com//ershoufang/dadukou/,大渡口
https://cq.lianjia.com//ershoufang/jiangjing/,江津
https://fz.lianjia.com//ershoufang/yongtaixian/,永泰县
https://fz.lianjia.com//ershoufang/changleshi/,长乐市
https://fz.lianjia.com//ershoufang/luoyuanxian/,罗源县
https://fz.lianjia.com//ershoufang/minhouxian/,闽侯县
https://fz.lianjia.com//ershoufang/pingtanxian/,平潭县
https://fz.lianjia.com//ershoufang/lianjiangxian/,连江县
https://fz.lianjia.com//ershoufang/minqingxian/,闽清县
https://fz.lianjia.com//ershoufang/fuqingshi/,福清市
https://fz.lianjia.com//ershoufang/gulouqu3/,鼓楼区
https://fz.lianjia.com//ershoufang/taijiangqu1/,台江区
https://fz.lianjia.com//ershoufang/jinanqu1/,晋安区
https://fz.lianjia.com//ershoufang/maweiqu1/,马尾区
https://fz.lianjia.com//ershoufang/cangshanqu1/,仓山区
https://quanzhou.lianjia.com//ershoufang/huianxian1/,惠安县
https://quanzhou.lianjia.com//ershoufang/jinjiangshi/,晋江市
https://quanzhou.lianjia.com//ershoufang/shishishi/,石狮市
https://quanzhou.lianjia.com//ershoufang/nananshi/,南安市
https://quanzhou.lianjia.com//ershoufang/yongchunxian/,永春县
https://quanzhou.lianjia.com//ershoufang/dehuaxian/,德化县
https://quanzhou.lianjia.com//ershoufang/luojiangqu1/,洛江区
https://quanzhou.lianjia.com//ershoufang/quangangqu/,泉港区
https://quanzhou.lianjia.com//ershoufang/lichengqu1/,鲤城区
https://quanzhou.lianjia.com//ershoufang/anxixian/,安溪县
https://quanzhou.lianjia.com//ershoufang/fengzequ1/,丰泽区
https://quanzhou.lianjia.com//ershoufang/jinmenxian/,金门县
https://xm.lianjia.com//ershoufang/siming/,思明
https://xm.lianjia.com//ershoufang/huli/,湖里
https://xm.lianjia.com//ershoufang/haicang/,海沧
https://xm.lianjia.com//ershoufang/jimei/,集美
https://xm.lianjia.com//ershoufang/xiangan/,翔安
https://xm.lianjia.com//ershoufang/tongan/,同安
https://zhangzhou.lianjia.com//ershoufang/changtaixian1/,长泰县
https://zhangzhou.lianjia.com//ershoufang/dongshanxian/,东山县
https://zhangzhou.lianjia.com//ershoufang/zhaoanxian/,诏安县
https://zhangzhou.lianjia.com//ershoufang/longhaishi/,龙海市
https://zhangzhou.lianjia.com//ershoufang/huaanxian/,华安县
https://zhangzhou.lianjia.com//ershoufang/zhangpuxian1/,漳浦县
https://zhangzhou.lianjia.com//ershoufang/yunxiaoxian/,云霄县
https://zhangzhou.lianjia.com//ershoufang/xiangchengqu3/,芗城区
https://zhangzhou.lianjia.com//ershoufang/pinghexian1/,平和县
https://zhangzhou.lianjia.com//ershoufang/nanjingxian1/,南靖县
https://zhangzhou.lianjia.com//ershoufang/longwenqu1/,龙文区
https://dg.lianjia.com//ershoufang/nanchengqu/,南城区
https://dg.lianjia.com//ershoufang/dongchengqu/,东城区
https://dg.lianjia.com//ershoufang/wanjiangqu/,万江区
https://dg.lianjia.com//ershoufang/wanchengqu/,莞城区
https://dg.lianjia.com//ershoufang/liaobuzhen1/,寮步镇
https://dg.lianjia.com//ershoufang/humenzhen3/,虎门镇
https://dg.lianjia.com//ershoufang/changanzhen1/,长安镇
https://dg.lianjia.com//ershoufang/songshanhu/,松山湖
https://dg.lianjia.com//ershoufang/houjiezhen2/,厚街镇
https://dg.lianjia.com//ershoufang/gaobuzhen1/,高埗镇
https://dg.lianjia.com//ershoufang/daojiaozhen/,道滘镇
https://dg.lianjia.com//ershoufang/hongmeizhen/,洪梅镇
https://dg.lianjia.com//ershoufang/shatianzhen/,沙田镇
https://dg.lianjia.com//ershoufang/dalingshanzhen1/,大岭山镇
https://dg.lianjia.com//ershoufang/changpingzhen/,常平镇
https://dg.lianjia.com//ershoufang/dalangzhen/,大朗镇
https://dg.lianjia.com//ershoufang/huangjiangzhen/,黄江镇
https://dg.lianjia.com//ershoufang/zhangmutouzhen/,樟木头镇
https://dg.lianjia.com//ershoufang/tangxiazhen/,塘厦镇
https://dg.lianjia.com//ershoufang/qingxizhen/,清溪镇
https://dg.lianjia.com//ershoufang/fenggangzhen/,凤岗镇
https://fs.lianjia.com//ershoufang/chancheng/,禅城
https://fs.lianjia.com//ershoufang/nanhai/,南海
https://fs.lianjia.com//ershoufang/shunde/,顺德
https://fs.lianjia.com//ershoufang/sanshui1/,三水
https://fs.lianjia.com//ershoufang/gaoming1/,高明
https://gz.lianjia.com//ershoufang/tianhe/,天河
https://gz.lianjia.com//ershoufang/yuexiu/,越秀
https://gz.lianjia.com//ershoufang/liwan/,荔湾
https://gz.lianjia.com//ershoufang/haizhu/,海珠
https://gz.lianjia.com//ershoufang/panyu/,番禺
https://gz.lianjia.com//ershoufang/baiyun/,白云
https://gz.lianjia.com//ershoufang/huangpugz/,黄埔
https://gz.lianjia.com//ershoufang/conghua/,从化
https://gz.lianjia.com//ershoufang/zengcheng/,增城
https://gz.lianjia.com//ershoufang/huadou/,花都
https://gz.lianjia.com//ershoufang/nansha/,南沙
https://hui.lianjia.com//ershoufang/huiyang/,惠阳
https://hui.lianjia.com//ershoufang/dayawan/,大亚湾
https://jiangmen.lianjia.com//ershoufang/taishanshi/,台山市
https://jiangmen.lianjia.com//ershoufang/kaipingshi/,开平市
https://jiangmen.lianjia.com//ershoufang/enpingshi/,恩平市
https://jiangmen.lianjia.com//ershoufang/xinhuiqu/,新会区
https://jiangmen.lianjia.com//ershoufang/jianghaiqu/,江海区
https://jiangmen.lianjia.com//ershoufang/pengjiangqu/,蓬江区
https://jiangmen.lianjia.com//ershoufang/heshanshi/,鹤山市
https://qy.lianjia.com//ershoufang/fogangxian/,佛冈县
https://qy.lianjia.com//ershoufang/qingchengqu/,清城区
https://qy.lianjia.com//ershoufang/qingxinqu/,清新区
https://qy.lianjia.com//ershoufang/yingdeshi/,英德市
https://qy.lianjia.com//ershoufang/liannanyaozuzizhixian/,连南瑶族自治县
https://qy.lianjia.com//ershoufang/lianshanzhuangzuyaozuzizhixian/,连山壮族瑶族自治县
https://qy.lianjia.com//ershoufang/lianzhoushi/,连州市
https://qy.lianjia.com//ershoufang/yangshanxian/,阳山县
https://sz.lianjia.com//ershoufang/luohuqu/,罗湖区
https://sz.lianjia.com//ershoufang/futianqu/,福田区
https://sz.lianjia.com//ershoufang/nanshanqu/,南山区
https://sz.lianjia.com//ershoufang/yantianqu/,盐田区
https://sz.lianjia.com//ershoufang/baoanqu/,宝安区
https://sz.lianjia.com//ershoufang/longgangqu/,龙岗区
https://sz.lianjia.com//ershoufang/longhuaqu/,龙华区
https://sz.lianjia.com//ershoufang/guangmingxinqu/,光明新区
https://sz.lianjia.com//ershoufang/pingshanqu/,坪山区
https://sz.lianjia.com//ershoufang/dapengxinqu/,大鹏新区
https://zh.lianjia.com//ershoufang/xiangzhouqu/,香洲区
https://zh.lianjia.com//ershoufang/jinwanqu/,金湾区
https://zh.lianjia.com//ershoufang/doumenqu/,斗门区
https://zhanjiang.lianjia.com//ershoufang/wuchuanshi/,吴川市
https://zhanjiang.lianjia.com//ershoufang/potouqu/,坡头区
https://zhanjiang.lianjia.com//ershoufang/lianjiangshi/,廉江市
https://zhanjiang.lianjia.com//ershoufang/xuwenxian/,徐闻县
https://zhanjiang.lianjia.com//ershoufang/chikanqu/,赤坎区
https://zhanjiang.lianjia.com//ershoufang/suixixian/,遂溪县
https://zhanjiang.lianjia.com//ershoufang/leizhoushi/,雷州市
https://zhanjiang.lianjia.com//ershoufang/xiashanqu/,霞山区
https://zhanjiang.lianjia.com//ershoufang/mazhangqu/,麻章区
https://zs.lianjia.com//ershoufang/dongqu/,东区
https://zs.lianjia.com//ershoufang/xiqu/,西区
https://zs.lianjia.com//ershoufang/nanqu/,南区
https://zs.lianjia.com//ershoufang/shiqiqu/,石岐区
https://zs.lianjia.com//ershoufang/huoju/,火炬
https://zs.lianjia.com//ershoufang/shaxizhen/,沙溪镇
https://zs.lianjia.com//ershoufang/gangkouzhen/,港口镇
https://zs.lianjia.com//ershoufang/wuguishan/,五桂山
https://zs.lianjia.com//ershoufang/dongshengzhen1/,东升镇
https://zs.lianjia.com//ershoufang/tanzhouzhen/,坦洲镇
https://zs.lianjia.com//ershoufang/sanxiangzhen/,三乡镇
https://gy.lianjia.com//ershoufang/yunyanqu/,云岩区
https://gy.lianjia.com//ershoufang/baiyunqu/,白云区
https://gy.lianjia.com//ershoufang/wudangqu/,乌当区
https://gy.lianjia.com//ershoufang/nanmingqu/,南明区
https://gy.lianjia.com//ershoufang/huaxiqu/,花溪区
https://gy.lianjia.com//ershoufang/xifengxian/,息烽县
https://gy.lianjia.com//ershoufang/kaiyangxian/,开阳县
https://gy.lianjia.com//ershoufang/xiuwenxian/,修文县
https://gy.lianjia.com//ershoufang/qingzhenshi/,清镇市
https://gy.lianjia.com//ershoufang/guanshanhuqu/,观山湖区
https://bh.lianjia.com//ershoufang/hepuxian/,合浦县
https://bh.lianjia.com//ershoufang/haichengqu/,海城区
https://bh.lianjia.com//ershoufang/tieshangangqu/,铁山港区
https://bh.lianjia.com//ershoufang/yinhaiqu/,银海区
https://gl.lianjia.com//ershoufang/qixingqu/,七星区
https://gl.lianjia.com//ershoufang/linguiqu/,临桂区
https://gl.lianjia.com//ershoufang/quanzhouxian/,全州县
https://gl.lianjia.com//ershoufang/xinganxian/,兴安县
https://gl.lianjia.com//ershoufang/diecaiqu/,叠彩区
https://gl.lianjia.com//ershoufang/pinglexian/,平乐县
https://gl.lianjia.com//ershoufang/gongchengyaozuzizhixian/,恭城瑶族自治县
https://gl.lianjia.com//ershoufang/yongfuxian/,永福县
https://gl.lianjia.com//ershoufang/guanyangxian/,灌阳县
https://gl.lianjia.com//ershoufang/lingchuanxian/,灵川县
https://gl.lianjia.com//ershoufang/xiufengqu/,秀峰区
https://gl.lianjia.com//ershoufang/lipuxian/,荔浦县
https://gl.lianjia.com//ershoufang/xiangshanqu/,象山区
https://gl.lianjia.com//ershoufang/ziyuanxian/,资源县
https://gl.lianjia.com//ershoufang/yangshuoxian/,阳朔县
https://gl.lianjia.com//ershoufang/yanshanqu/,雁山区
https://gl.lianjia.com//ershoufang/longshenggezuzizhixian/,龙胜各族自治县
https://liuzhou.lianjia.com//ershoufang/sanjiangdongzuzizhixian/,三江侗族自治县
https://liuzhou.lianjia.com//ershoufang/chengzhongqu2/,城中区
https://liuzhou.lianjia.com//ershoufang/liubeiqu/,柳北区
https://liuzhou.lianjia.com//ershoufang/liunanqu/,柳南区
https://liuzhou.lianjia.com//ershoufang/liuchengxian/,柳城县
https://liuzhou.lianjia.com//ershoufang/liujiangqu/,柳江区
https://liuzhou.lianjia.com//ershoufang/ronganxian/,融安县
https://liuzhou.lianjia.com//ershoufang/rongshuimiaozuzizhixian/,融水苗族自治县
https://liuzhou.lianjia.com//ershoufang/yufengqu/,鱼峰区
https://liuzhou.lianjia.com//ershoufang/luzhaixian/,鹿寨县
https://nn.lianjia.com//ershoufang/shanglinxian/,上林县
https://nn.lianjia.com//ershoufang/xingningqu/,兴宁区
https://nn.lianjia.com//ershoufang/binyangxian/,宾阳县
https://nn.lianjia.com//ershoufang/hengxian/,横县
https://nn.lianjia.com//ershoufang/wumingxian/,武鸣县
https://nn.lianjia.com//ershoufang/jiangnanqu/,江南区
https://nn.lianjia.com//ershoufang/liangqingqu/,良庆区
https://nn.lianjia.com//ershoufang/xixiangtangqu/,西乡塘区
https://nn.lianjia.com//ershoufang/yongningqu/,邕宁区
https://nn.lianjia.com//ershoufang/longanxian/,隆安县
https://nn.lianjia.com//ershoufang/qingxiuqu/,青秀区
https://nn.lianjia.com//ershoufang/mashanxian/,马山县
https://lz.lianjia.com//ershoufang/qilihequ/,七里河区
https://lz.lianjia.com//ershoufang/lanzhouxinqu/,兰州新区
https://lz.lianjia.com//ershoufang/chengguanqu/,城关区
https://lz.lianjia.com//ershoufang/anningqu/,安宁区
https://lz.lianjia.com//ershoufang/yuzhongxian/,榆中县
https://lz.lianjia.com//ershoufang/yongdengxian/,永登县
https://lz.lianjia.com//ershoufang/gaolanxian/,皋兰县
https://lz.lianjia.com//ershoufang/hongguqu/,红古区
https://lz.lianjia.com//ershoufang/xiguqu/,西固区
https://huangshi.lianjia.com//ershoufang/xialuqu/,下陆区
https://huangshi.lianjia.com//ershoufang/dayeshi/,大冶市
https://huangshi.lianjia.com//ershoufang/xisaishanqu/,西塞山区
https://huangshi.lianjia.com//ershoufang/tieshanqu/,铁山区
https://huangshi.lianjia.com//ershoufang/yangxinxian2/,阳新县
https://huangshi.lianjia.com//ershoufang/huangshigangqu/,黄石港区
https://wh.lianjia.com//ershoufang/jiangan/,江岸
https://wh.lianjia.com//ershoufang/jianghan/,江汉
https://wh.lianjia.com//ershoufang/qiaokou/,硚口
https://wh.lianjia.com//ershoufang/dongxihu/,东西湖
https://wh.lianjia.com//ershoufang/wuchang/,武昌
https://wh.lianjia.com//ershoufang/qingshan/,青山
https://wh.lianjia.com//ershoufang/hongshan/,洪山
https://wh.lianjia.com//ershoufang/hanyang/,汉阳
https://wh.lianjia.com//ershoufang/donghugaoxin/,东湖高新
https://wh.lianjia.com//ershoufang/jiangxia/,江夏
https://wh.lianjia.com//ershoufang/caidian/,蔡甸
https://wh.lianjia.com//ershoufang/huangbei/,黄陂
https://wh.lianjia.com//ershoufang/xinzhou/,新洲
https://wh.lianjia.com//ershoufang/zhuankoukaifaqu/,沌口开发区
https://xy.lianjia.com//ershoufang/guchengxian/,谷城县
https://xy.lianjia.com//ershoufang/baokangxian/,保康县
https://xy.lianjia.com//ershoufang/yichengshi/,宜城市
https://xy.lianjia.com//ershoufang/laohekoushi/,老河口市
https://xy.lianjia.com//ershoufang/nanzhangxian/,南漳县
https://xy.lianjia.com//ershoufang/zaoyangshi/,枣阳市
https://xy.lianjia.com//ershoufang/xiangchengqu1/,襄城区
https://xy.lianjia.com//ershoufang/xiangzhouqu1/,襄州区
https://xy.lianjia.com//ershoufang/fanchengqu/,樊城区
https://yichang.lianjia.com//ershoufang/wufengtujiazuzizhixian/,五峰土家族自治县
https://yichang.lianjia.com//ershoufang/wujiagangqu/,伍家岗区
https://yichang.lianjia.com//ershoufang/xingshanxian/,兴山县
https://yichang.lianjia.com//ershoufang/yilingqu/,夷陵区
https://yichang.lianjia.com//ershoufang/yidushi/,宜都市
https://yichang.lianjia.com//ershoufang/dangyangshi/,当阳市
https://yichang.lianjia.com//ershoufang/zhijiangshi/,枝江市
https://yichang.lianjia.com//ershoufang/dianjunqu/,点军区
https://yichang.lianjia.com//ershoufang/xiaotingqu/,猇亭区
https://yichang.lianjia.com//ershoufang/ziguixian/,秭归县
https://yichang.lianjia.com//ershoufang/xilingqu/,西陵区
https://yichang.lianjia.com//ershoufang/yuananxian/,远安县
https://yichang.lianjia.com//ershoufang/changyangtujiazuzizhixian/,长阳土家族自治县
https://cs.lianjia.com//ershoufang/yuhua/,雨花
https://cs.lianjia.com//ershoufang/yuelu/,岳麓
https://cs.lianjia.com//ershoufang/tianxin/,天心
https://cs.lianjia.com//ershoufang/kaifu/,开福
https://cs.lianjia.com//ershoufang/furong/,芙蓉
https://cs.lianjia.com//ershoufang/wangcheng/,望城
https://cs.lianjia.com//ershoufang/ningxiang/,宁乡
https://cs.lianjia.com//ershoufang/liuyang/,浏阳
https://cs.lianjia.com//ershoufang/changshaxian/,长沙县
https://changde.lianjia.com//ershoufang/linlixian/,临澧县
https://changde.lianjia.com//ershoufang/anxiangxian/,安乡县
https://changde.lianjia.com//ershoufang/taoyuanxian/,桃源县
https://changde.lianjia.com//ershoufang/wulingqu/,武陵区
https://changde.lianjia.com//ershoufang/hanshouxian/,汉寿县
https://changde.lianjia.com//ershoufang/jinshishi/,津市市
https://changde.lianjia.com//ershoufang/lixian4/,澧县
https://changde.lianjia.com//ershoufang/shimenxian/,石门县
https://changde.lianjia.com//ershoufang/dingchengqu/,鼎城区
https://zhuzhou.lianjia.com//ershoufang/tianyuanqu/,天元区
https://zhuzhou.lianjia.com//ershoufang/youxian/,攸县
https://zhuzhou.lianjia.com//ershoufang/zhuzhouxian/,株洲县
https://zhuzhou.lianjia.com//ershoufang/yanlingxian1/,炎陵县
https://zhuzhou.lianjia.com//ershoufang/shifengqu/,石峰区
https://zhuzhou.lianjia.com//ershoufang/lusongqu/,芦淞区
https://zhuzhou.lianjia.com//ershoufang/chalingxian/,茶陵县
https://zhuzhou.lianjia.com//ershoufang/hetangqu/,荷塘区
https://zhuzhou.lianjia.com//ershoufang/lilingshi/,醴陵市
https://lf.lianjia.com//ershoufang/yanjiao/,燕郊
https://lf.lianjia.com//ershoufang/xianghe/,香河
https://lf.lianjia.com//ershoufang/guangyang/,广阳
https://lf.lianjia.com//ershoufang/anci/,安次
https://lf.lianjia.com//ershoufang/langfangjingjijishu/,廊坊经济技术开发区
https://lf.lianjia.com//ershoufang/guan/,固安
https://sjz.lianjia.com//ershoufang/yuhua1/,裕华
https://sjz.lianjia.com//ershoufang/changan/,长安
https://sjz.lianjia.com//ershoufang/qiaoxi/,桥西
https://sjz.lianjia.com//ershoufang/xinhua/,新华
https://sjz.lianjia.com//ershoufang/kaifaqu1/,开发区
https://sjz.lianjia.com//ershoufang/zhengding/,正定
https://sjz.lianjia.com//ershoufang/luquan/,鹿泉
https://sjz.lianjia.com//ershoufang/luancheng/,栾城
https://sjz.lianjia.com//ershoufang/gaocheng/,藁城
https://sjz.lianjia.com//ershoufang/yuanshixian/,元氏县
https://sjz.lianjia.com//ershoufang/xinjishi/,辛集市
https://sjz.lianjia.com//ershoufang/lingshouxian/,灵寿县
https://sjz.lianjia.com//ershoufang/pingshan1/,平山
https://sjz.lianjia.com//ershoufang/jingxingxian/,井陉县
https://sjz.lianjia.com//ershoufang/zhaoxian/,赵县
https://sjz.lianjia.com//ershoufang/shenzexian/,深泽县
https://sjz.lianjia.com//ershoufang/jinzhoushi/,晋州市
https://sjz.lianjia.com//ershoufang/gaoyixian/,高邑县
https://hk.lianjia.com//ershoufang/meilanqu1/,美兰
https://hk.lianjia.com//ershoufang/longhuaqu1/,龙华
https://hk.lianjia.com//ershoufang/qiongshanqu1/,琼山
https://hk.lianjia.com//ershoufang/xiuyingqu2/,秀英
https://san.lianjia.com//ershoufang/yazhou1/,崖州
https://san.lianjia.com//ershoufang/tianya1/,天涯
https://san.lianjia.com//ershoufang/haitang1/,海棠
https://san.lianjia.com//ershoufang/jiyang3/,吉阳
https://kf.lianjia.com//ershoufang/longtingqu/,龙亭区
https://kf.lianjia.com//ershoufang/qixian3/,杞县
https://kf.lianjia.com//ershoufang/lankaoxian/,兰考县
https://kf.lianjia.com//ershoufang/tongxuxian/,通许县
https://kf.lianjia.com//ershoufang/xiangfuqu/,祥符区
https://kf.lianjia.com//ershoufang/weishixian/,尉氏县
https://kf.lianjia.com//ershoufang/gulouqu6/,鼓楼区
https://kf.lianjia.com//ershoufang/shunhequ1/,顺河区
https://kf.lianjia.com//ershoufang/yuwangtaiqu/,禹王台区
https://luoyang.lianjia.com//ershoufang/yichuanxian/,伊川县
https://luoyang.lianjia.com//ershoufang/yanshishi/,偃师市
https://luoyang.lianjia.com//ershoufang/jiliqu/,吉利区
https://luoyang.lianjia.com//ershoufang/mengjinxian/,孟津县
https://luoyang.lianjia.com//ershoufang/yiyangxian/,宜阳县
https://luoyang.lianjia.com//ershoufang/songxian/,嵩县
https://luoyang.lianjia.com//ershoufang/xinanxian/,新安县
https://luoyang.lianjia.com//ershoufang/luanchuanxian/,栾川县
https://luoyang.lianjia.com//ershoufang/ruyangxian/,汝阳县
https://luoyang.lianjia.com//ershoufang/luoningxian/,洛宁县
https://luoyang.lianjia.com//ershoufang/luolongqu/,洛龙区
https://luoyang.lianjia.com//ershoufang/jianxiqu/,涧西区
https://luoyang.lianjia.com//ershoufang/chanhehuizuqu/,瀍河回族区
https://luoyang.lianjia.com//ershoufang/laochengqu1/,老城区
https://luoyang.lianjia.com//ershoufang/xigongqu/,西工区
https://xinxiang.lianjia.com//ershoufang/fengquanqu/,凤泉区
https://xinxiang.lianjia.com//ershoufang/weibinqu2/,卫滨区
https://xinxiang.lianjia.com//ershoufang/weihuishi/,卫辉市
https://xinxiang.lianjia.com//ershoufang/yuanyangxian2/,原阳县
https://xinxiang.lianjia.com//ershoufang/fengqiuxian/,封丘县
https://xinxiang.lianjia.com//ershoufang/yanjinxian/,延津县
https://xinxiang.lianjia.com//ershoufang/xinxiangxian/,新乡县
https://xinxiang.lianjia.com//ershoufang/muyequ/,牧野区
https://xinxiang.lianjia.com//ershoufang/hongqiqu/,红旗区
https://xinxiang.lianjia.com//ershoufang/huojiaxian/,获嘉县
https://xinxiang.lianjia.com//ershoufang/huixianshi/,辉县市
https://xinxiang.lianjia.com//ershoufang/changyuanxian/,长垣县
https://xc.lianjia.com//ershoufang/jiananqu/,建安区
https://xc.lianjia.com//ershoufang/yuzhoushi/,禹州市
https://xc.lianjia.com//ershoufang/xiangchengxian2/,襄城县
https://xc.lianjia.com//ershoufang/yanlingxian/,鄢陵县
https://xc.lianjia.com//ershoufang/changgeshi/,长葛市
https://xc.lianjia.com//ershoufang/weiduqu/,魏都区
https://zz.lianjia.com//ershoufang/jinshui/,金水
https://zz.lianjia.com//ershoufang/zhongyuan/,中原
https://zz.lianjia.com//ershoufang/zhengdongxinqu/,郑东新区
https://zz.lianjia.com//ershoufang/guanchenghuizuqu/,管城回族区
https://zz.lianjia.com//ershoufang/erqi/,二七
https://zz.lianjia.com//ershoufang/huiji/,惠济
https://zz.lianjia.com//ershoufang/gaoxin9/,高新
https://zz.lianjia.com//ershoufang/jingkaiqu/,经开区
https://zz.lianjia.com//ershoufang/xingyangshi/,荥阳市
https://zz.lianjia.com//ershoufang/zhongmuxian/,中牟县
https://zz.lianjia.com//ershoufang/xinzhengshi/,新郑市
https://zz.lianjia.com//ershoufang/hangkonggangqu/,航空港区
https://hrb.lianjia.com//ershoufang/pingfang/,平房
https://hrb.lianjia.com//ershoufang/daowai/,道外
https://hrb.lianjia.com//ershoufang/daoli/,道里
https://hrb.lianjia.com//ershoufang/nangang/,南岗
https://hrb.lianjia.com//ershoufang/xiangfang/,香坊
https://hrb.lianjia.com//ershoufang/songbei/,松北
https://hrb.lianjia.com//ershoufang/shangzhishi/,尚志市
https://hrb.lianjia.com//ershoufang/bayanxian/,巴彦县
https://hrb.lianjia.com//ershoufang/hulanqu/,呼兰区
https://hrb.lianjia.com//ershoufang/achengqu/,阿城区
https://hrb.lianjia.com//ershoufang/yanshouxian/,延寿县
https://hrb.lianjia.com//ershoufang/yilanxian/,依兰县
https://hrb.lianjia.com//ershoufang/mulanxian/,木兰县
https://hrb.lianjia.com//ershoufang/binxian/,宾县
https://hrb.lianjia.com//ershoufang/tonghexian/,通河县
https://hrb.lianjia.com//ershoufang/wuchangshi/,五常市
https://hrb.lianjia.com//ershoufang/shuangchengqu/,双城区
https://hrb.lianjia.com//ershoufang/fangzhengxian/,方正县
https://changzhou.lianjia.com//ershoufang/wujinqu/,武进区
https://changzhou.lianjia.com//ershoufang/jintanshi/,金坛市
https://changzhou.lianjia.com//ershoufang/zhonglouqu/,钟楼区
https://changzhou.lianjia.com//ershoufang/liyangshi/,溧阳市
https://changzhou.lianjia.com//ershoufang/tianningqu/,天宁区
https://changzhou.lianjia.com//ershoufang/xinbeiqu/,新北区
https://ha.lianjia.com//ershoufang/hongzequ/,洪泽区
https://ha.lianjia.com//ershoufang/lianshuixian/,涟水县
https://ha.lianjia.com//ershoufang/huaianqu/,淮安区
https://ha.lianjia.com//ershoufang/huaiyinqu/,淮阴区
https://ha.lianjia.com//ershoufang/qingjiangpuqu/,清江浦区
https://ha.lianjia.com//ershoufang/qinghequ/,清河区
https://ha.lianjia.com//ershoufang/xuyixian/,盱眙县
https://ha.lianjia.com//ershoufang/jinhuxian/,金湖县
https://nj.lianjia.com//ershoufang/gulou/,鼓楼
https://nj.lianjia.com//ershoufang/jianye/,建邺
https://nj.lianjia.com//ershoufang/qinhuai/,秦淮
https://nj.lianjia.com//ershoufang/xuanwu/,玄武
https://nj.lianjia.com//ershoufang/yuhuatai/,雨花台
https://nj.lianjia.com//ershoufang/qixia/,栖霞
https://nj.lianjia.com//ershoufang/jiangning/,江宁
https://nj.lianjia.com//ershoufang/pukou/,浦口
https://nj.lianjia.com//ershoufang/liuhe/,六合
https://nj.lianjia.com//ershoufang/lishui/,溧水
https://nj.lianjia.com//ershoufang/gaochun/,高淳
https://nt.lianjia.com//ershoufang/nantongjingjijishukaifaqu/,南通经济技术开发区
https://nt.lianjia.com//ershoufang/qidongshi/,启东市
https://nt.lianjia.com//ershoufang/rudongxian/,如东县
https://nt.lianjia.com//ershoufang/rugaoshi/,如皋市
https://nt.lianjia.com//ershoufang/chongchuanqu/,崇川区
https://nt.lianjia.com//ershoufang/haianxian/,海安县
https://nt.lianjia.com//ershoufang/haimenshi/,海门市
https://nt.lianjia.com//ershoufang/gangzhaqu/,港闸区
https://nt.lianjia.com//ershoufang/tongzhouqu/,通州区
https://su.lianjia.com//ershoufang/gongyeyuan/,工业园区
https://su.lianjia.com//ershoufang/wuzhong/,吴中
https://su.lianjia.com//ershoufang/gusu/,姑苏
https://su.lianjia.com//ershoufang/gaoxin1/,高新
https://su.lianjia.com//ershoufang/xiangcheng/,相城
https://su.lianjia.com//ershoufang/wujiang/,吴江
https://su.lianjia.com//ershoufang/kunshan/,昆山
https://wx.lianjia.com//ershoufang/binhu/,滨湖
https://wx.lianjia.com//ershoufang/liangxi/,梁溪
https://wx.lianjia.com//ershoufang/xinwu/,新吴
https://wx.lianjia.com//ershoufang/huishan/,惠山
https://wx.lianjia.com//ershoufang/xishan/,锡山
https://wx.lianjia.com//ershoufang/jiangyinshi/,江阴市
https://wx.lianjia.com//ershoufang/yixingshi/,宜兴市
https://yc.lianjia.com//ershoufang/dongtaishi/,东台市
https://yc.lianjia.com//ershoufang/tinghuqu/,亭湖区
https://yc.lianjia.com//ershoufang/xiangshuixian/,响水县
https://yc.lianjia.com//ershoufang/dafengqu/,大丰区
https://yc.lianjia.com//ershoufang/sheyangxian/,射阳县
https://yc.lianjia.com//ershoufang/jianhuxian/,建湖县
https://yc.lianjia.com//ershoufang/binhaixian/,滨海县
https://yc.lianjia.com//ershoufang/yanduqu/,盐都区
https://yc.lianjia.com//ershoufang/funingxian/,阜宁县
https://zj.lianjia.com//ershoufang/dantuqu/,丹徒区
https://zj.lianjia.com//ershoufang/danyangshi/,丹阳市
https://zj.lianjia.com//ershoufang/jingkou/,京口
https://zj.lianjia.com//ershoufang/jurong/,句容
https://zj.lianjia.com//ershoufang/yangzhongshi/,扬中市
https://zj.lianjia.com//ershoufang/runzhou/,润州
https://cc.lianjia.com//ershoufang/chaoyangqu/,朝阳区
https://cc.lianjia.com//ershoufang/erdaoqu/,二道区
https://cc.lianjia.com//ershoufang/gaoxinqu3/,高新区
https://cc.lianjia.com//ershoufang/jingkaiqu1/,经开区
https://cc.lianjia.com//ershoufang/jingyuequ/,净月区
https://cc.lianjia.com//ershoufang/kuanchengqu/,宽城区
https://cc.lianjia.com//ershoufang/lvyuanqu/,绿园区
https://cc.lianjia.com//ershoufang/nanguanqu/,南关区
https://cc.lianjia.com//ershoufang/qichechanyekaifaqu/,汽车产业开发区
https://jl.lianjia.com//ershoufang/fengmanqu/,丰满区
https://jl.lianjia.com//ershoufang/changyiqu/,昌邑区
https://jl.lianjia.com//ershoufang/huadianshi/,桦甸市
https://jl.lianjia.com//ershoufang/yongjixian/,永吉县
https://jl.lianjia.com//ershoufang/panshishi/,磐石市
https://jl.lianjia.com//ershoufang/shulanshi/,舒兰市
https://jl.lianjia.com//ershoufang/chuanyingqu/,船营区
https://jl.lianjia.com//ershoufang/jiaoheshi/,蛟河市
https://jl.lianjia.com//ershoufang/longtanqu/,龙潭区
https://ganzhou.lianjia.com//ershoufang/shangyouxian/,上犹县
https://ganzhou.lianjia.com//ershoufang/yuduxian/,于都县
https://ganzhou.lianjia.com//ershoufang/huichangxian/,会昌县
https://ganzhou.lianjia.com//ershoufang/xinfengxian/,信丰县
https://ganzhou.lianjia.com//ershoufang/quannanxian/,全南县
https://ganzhou.lianjia.com//ershoufang/xingguoxian/,兴国县
https://ganzhou.lianjia.com//ershoufang/nankangqu/,南康区
https://ganzhou.lianjia.com//ershoufang/dayuxian/,大余县
https://ganzhou.lianjia.com//ershoufang/ningduxian/,宁都县
https://ganzhou.lianjia.com//ershoufang/anyuanxian/,安远县
https://ganzhou.lianjia.com//ershoufang/dingnanxian/,定南县
https://ganzhou.lianjia.com//ershoufang/xunwuxian/,寻乌县
https://ganzhou.lianjia.com//ershoufang/chongyixian/,崇义县
https://ganzhou.lianjia.com//ershoufang/ruijinshi/,瑞金市
https://ganzhou.lianjia.com//ershoufang/shichengxian/,石城县
https://ganzhou.lianjia.com//ershoufang/zhanggongqu/,章贡区
https://ganzhou.lianjia.com//ershoufang/ganxianqu/,赣县区
https://ganzhou.lianjia.com//ershoufang/longnanxian/,龙南县
https://jian.lianjia.com//ershoufang/wananxian/,万安县
https://jian.lianjia.com//ershoufang/jinggangshanshi/,井冈山市
https://jian.lianjia.com//ershoufang/jianxian/,吉安县
https://jian.lianjia.com//ershoufang/jizhouqu2/,吉州区
https://jian.lianjia.com//ershoufang/jishuixian/,吉水县
https://jian.lianjia.com//ershoufang/anfuxian/,安福县
https://jian.lianjia.com//ershoufang/xiajiangxian/,峡江县
https://jian.lianjia.com//ershoufang/xinganxian2/,新干县
https://jian.lianjia.com//ershoufang/yongfengxian/,永丰县
https://jian.lianjia.com//ershoufang/yongxinxian/,永新县
https://jian.lianjia.com//ershoufang/taihexian2/,泰和县
https://jian.lianjia.com//ershoufang/suichuanxian/,遂川县
https://jian.lianjia.com//ershoufang/qingyuanqu2/,青原区
https://nc.lianjia.com//ershoufang/donghuqu/,东湖区
https://nc.lianjia.com//ershoufang/nanchangxian/,南昌县
https://nc.lianjia.com//ershoufang/anyixian/,安义县
https://nc.lianjia.com//ershoufang/xinjianqu/,新建区
https://nc.lianjia.com//ershoufang/wanliqu/,湾里区
https://nc.lianjia.com//ershoufang/honggutan1/,红谷滩
https://nc.lianjia.com//ershoufang/xihuqu/,西湖区
https://nc.lianjia.com//ershoufang/jinxianxian/,进贤县
https://nc.lianjia.com//ershoufang/qingyunpuqu/,青云谱区
https://nc.lianjia.com//ershoufang/qingshanhuqu/,青山湖区
https://sr.lianjia.com//ershoufang/wannianxian/,万年县
https://sr.lianjia.com//ershoufang/shangraoxian/,上饶县
https://sr.lianjia.com//ershoufang/yuganxian/,余干县
https://sr.lianjia.com//ershoufang/xinzhouqu/,信州区
https://sr.lianjia.com//ershoufang/wuyuanxian2/,婺源县
https://sr.lianjia.com//ershoufang/guangfengqu/,广丰区
https://sr.lianjia.com//ershoufang/yiyangxian1/,弋阳县
https://sr.lianjia.com//ershoufang/dexingshi/,德兴市
https://sr.lianjia.com//ershoufang/hengfengxian/,横峰县
https://sr.lianjia.com//ershoufang/yushanxian/,玉山县
https://sr.lianjia.com//ershoufang/poyangxian/,鄱阳县
https://sr.lianjia.com//ershoufang/yanshanxian2/,铅山县
https://dl.lianjia.com//ershoufang/ganjingzi/,甘井子
https://dl.lianjia.com//ershoufang/shahekou/,沙河口
https://dl.lianjia.com//ershoufang/zhongshan/,中山
https://dl.lianjia.com//ershoufang/xigang/,西岗
https://dl.lianjia.com//ershoufang/gaoxinyuanqu/,高新园区
https://dl.lianjia.com//ershoufang/kaifaqudl/,开发区
https://dl.lianjia.com//ershoufang/jinzhou/,金州
https://dd.lianjia.com//ershoufang/donggangshi/,东港市
https://dd.lianjia.com//ershoufang/yuanbaoqu/,元宝区
https://dd.lianjia.com//ershoufang/fengchengshi/,凤城市
https://dd.lianjia.com//ershoufang/kuandianmanzuzizhixian/,宽甸满族自治县
https://dd.lianjia.com//ershoufang/zhenxingqu/,振兴区
https://dd.lianjia.com//ershoufang/zhenanqu/,振安区
https://sy.lianjia.com//ershoufang/tiexi/,铁西
https://sy.lianjia.com//ershoufang/heping1/,和平
https://sy.lianjia.com//ershoufang/shenhe/,沈河
https://sy.lianjia.com//ershoufang/hunnan/,浑南
https://sy.lianjia.com//ershoufang/dadong/,大东
https://sy.lianjia.com//ershoufang/huanggu/,皇姑
https://sy.lianjia.com//ershoufang/yuhong/,于洪
https://sy.lianjia.com//ershoufang/sujiatun/,苏家屯
https://sy.lianjia.com//ershoufang/shenbeixinqu/,沈北新区
https://hhht.lianjia.com//ershoufang/helingeerxian/,和林格尔县
https://hhht.lianjia.com//ershoufang/huiminqu/,回民区
https://hhht.lianjia.com//ershoufang/tumotezuoqi/,土默特左旗
https://hhht.lianjia.com//ershoufang/tuoketuoxian/,托克托县
https://hhht.lianjia.com//ershoufang/xinchengqu1/,新城区
https://hhht.lianjia.com//ershoufang/wuchuanxian/,武川县
https://hhht.lianjia.com//ershoufang/qingshuihexian/,清水河县
https://hhht.lianjia.com//ershoufang/yuquanqu/,玉泉区
https://hhht.lianjia.com//ershoufang/saihanqu/,赛罕区
https://yinchuan.lianjia.com//ershoufang/xingqingqu/,兴庆区
https://yinchuan.lianjia.com//ershoufang/yongningxian/,永宁县
https://yinchuan.lianjia.com//ershoufang/lingwushi/,灵武市
https://yinchuan.lianjia.com//ershoufang/xixiaqu/,西夏区
https://yinchuan.lianjia.com//ershoufang/helanxian/,贺兰县
https://yinchuan.lianjia.com//ershoufang/jinfengqu/,金凤区
https://sh.lianjia.com//ershoufang/pudong/,浦东
https://sh.lianjia.com//ershoufang/minhang/,闵行
https://sh.lianjia.com//ershoufang/baoshan/,宝山
https://sh.lianjia.com//ershoufang/xuhui/,徐汇
https://sh.lianjia.com//ershoufang/putuo/,普陀
https://sh.lianjia.com//ershoufang/yangpu/,杨浦
https://sh.lianjia.com//ershoufang/changning/,长宁
https://sh.lianjia.com//ershoufang/songjiang/,松江
https://sh.lianjia.com//ershoufang/jiading/,嘉定
https://sh.lianjia.com//ershoufang/huangpu/,黄浦
https://sh.lianjia.com//ershoufang/jingan/,静安
https://sh.lianjia.com//ershoufang/zhabei/,闸北
https://sh.lianjia.com//ershoufang/hongkou/,虹口
https://sh.lianjia.com//ershoufang/qingpu/,青浦
https://sh.lianjia.com//ershoufang/fengxian/,奉贤
https://sh.lianjia.com//ershoufang/jinshan/,金山
https://sh.lianjia.com//ershoufang/chongming/,崇明
https://sh.lianjia.com//ershoufang/shanghaizhoubian/,上海周边
https://cd.lianjia.com//ershoufang/jinjiang/,锦江
https://cd.lianjia.com//ershoufang/qingyang/,青羊
https://cd.lianjia.com//ershoufang/wuhou/,武侯
https://cd.lianjia.com//ershoufang/gaoxin7/,高新
https://cd.lianjia.com//ershoufang/chenghua/,成华
https://cd.lianjia.com//ershoufang/jinniu/,金牛
https://cd.lianjia.com//ershoufang/tianfuxinqu/,天府新区
https://cd.lianjia.com//ershoufang/gaoxinxi1/,高新西
https://cd.lianjia.com//ershoufang/shuangliu/,双流
https://cd.lianjia.com//ershoufang/wenjiang/,温江
https://cd.lianjia.com//ershoufang/pidou/,郫都
https://cd.lianjia.com//ershoufang/longquanyi/,龙泉驿
https://cd.lianjia.com//ershoufang/xindou/,新都
https://cd.lianjia.com//ershoufang/tianfuxinqunanqu/,天府新区南区
https://cd.lianjia.com//ershoufang/qingbaijiang/,青白江
https://cd.lianjia.com//ershoufang/doujiangyan/,都江堰
https://dazhou.lianjia.com//ershoufang/wanyuanshi/,万源市
https://dazhou.lianjia.com//ershoufang/dazhuxian/,大竹县
https://dazhou.lianjia.com//ershoufang/xuanhanxian/,宣汉县
https://dazhou.lianjia.com//ershoufang/kaijiangxian/,开江县
https://dazhou.lianjia.com//ershoufang/quxian/,渠县
https://dazhou.lianjia.com//ershoufang/dachuanqu/,达川区
https://dazhou.lianjia.com//ershoufang/tongchuanqu/,通川区
https://liangshan.lianjia.com//ershoufang/huidongxian1/,会东县
https://liangshan.lianjia.com//ershoufang/huilixian/,会理县
https://liangshan.lianjia.com//ershoufang/mianningxian/,冕宁县
https://liangshan.lianjia.com//ershoufang/xidexian/,喜德县
https://liangshan.lianjia.com//ershoufang/ningnanxian/,宁南县
https://liangshan.lianjia.com//ershoufang/butuoxian/,布拖县
https://liangshan.lianjia.com//ershoufang/dechangxian/,德昌县
https://liangshan.lianjia.com//ershoufang/zhaojuexian/,昭觉县
https://liangshan.lianjia.com//ershoufang/pugexian/,普格县
https://liangshan.lianjia.com//ershoufang/mulizangzuzizhixian/,木里藏族自治县
https://liangshan.lianjia.com//ershoufang/ganluoxian/,甘洛县
https://liangshan.lianjia.com//ershoufang/yanyuanxian/,盐源县
https://liangshan.lianjia.com//ershoufang/meiguxian/,美姑县
https://liangshan.lianjia.com//ershoufang/xichangshi/,西昌市
https://liangshan.lianjia.com//ershoufang/yuexixian2/,越西县
https://liangshan.lianjia.com//ershoufang/jinyangxian/,金阳县
https://liangshan.lianjia.com//ershoufang/leiboxian/,雷波县
https://mianyang.lianjia.com//ershoufang/santaixian/,三台县
https://mianyang.lianjia.com//ershoufang/beichuanqiangzuzizhixian/,北川羌族自治县
https://mianyang.lianjia.com//ershoufang/anzhouqu/,安州区
https://mianyang.lianjia.com//ershoufang/pingwuxian/,平武县
https://mianyang.lianjia.com//ershoufang/zitongxian/,梓潼县
https://mianyang.lianjia.com//ershoufang/jiangyoushi/,江油市
https://mianyang.lianjia.com//ershoufang/fuchengqu/,涪城区
https://mianyang.lianjia.com//ershoufang/youxianqu/,游仙区
https://mianyang.lianjia.com//ershoufang/yantingxian/,盐亭县
https://nanchong.lianjia.com//ershoufang/yilongxian/,仪陇县
https://nanchong.lianjia.com//ershoufang/nanbuxian/,南部县
https://nanchong.lianjia.com//ershoufang/jialingqu/,嘉陵区
https://nanchong.lianjia.com//ershoufang/yingshanxian/,营山县
https://nanchong.lianjia.com//ershoufang/penganxian/,蓬安县
https://nanchong.lianjia.com//ershoufang/xichongxian/,西充县
https://nanchong.lianjia.com//ershoufang/langzhongshi/,阆中市
https://nanchong.lianjia.com//ershoufang/shunqingqu/,顺庆区
https://nanchong.lianjia.com//ershoufang/gaopingqu/,高坪区
https://jn.lianjia.com//ershoufang/lixia/,历下
https://jn.lianjia.com//ershoufang/shizhong/,市中
https://jn.lianjia.com//ershoufang/tianqiao/,天桥
https://jn.lianjia.com//ershoufang/licheng/,历城
https://jn.lianjia.com//ershoufang/huaiyin/,槐荫
https://jn.lianjia.com//ershoufang/gaoxin/,高新
https://jn.lianjia.com//ershoufang/pingyin/,平阴
https://jn.lianjia.com//ershoufang/shanghe/,商河
https://jn.lianjia.com//ershoufang/jiyang/,济阳
https://jn.lianjia.com//ershoufang/zhangqiu1/,章丘
https://jn.lianjia.com//ershoufang/changqing/,长清
https://linyi.lianjia.com//ershoufang/linshuxian/,临沭县
https://linyi.lianjia.com//ershoufang/lanshanqu/,兰山区
https://linyi.lianjia.com//ershoufang/lanlingxian/,兰陵县
https://linyi.lianjia.com//ershoufang/pingyixian/,平邑县
https://linyi.lianjia.com//ershoufang/yinanxian/,沂南县
https://linyi.lianjia.com//ershoufang/yishuixian/,沂水县
https://linyi.lianjia.com//ershoufang/hedongqu/,河东区
https://linyi.lianjia.com//ershoufang/luozhuangqu/,罗庄区
https://linyi.lianjia.com//ershoufang/junanxian/,莒南县
https://linyi.lianjia.com//ershoufang/mengyinxian/,蒙阴县
https://linyi.lianjia.com//ershoufang/feixian/,费县
https://linyi.lianjia.com//ershoufang/tanchengxian/,郯城县
https://qd.lianjia.com//ershoufang/shinan/,市南
https://qd.lianjia.com//ershoufang/shibei/,市北
https://qd.lianjia.com//ershoufang/licang/,李沧
https://qd.lianjia.com//ershoufang/laoshan/,崂山
https://qd.lianjia.com//ershoufang/huangdao/,黄岛
https://qd.lianjia.com//ershoufang/chengyang/,城阳
https://qd.lianjia.com//ershoufang/jimo/,即墨
https://qd.lianjia.com//ershoufang/jiaozhou/,胶州
https://qd.lianjia.com//ershoufang/pingdu/,平度
https://qd.lianjia.com//ershoufang/laixi/,莱西
https://wf.lianjia.com//ershoufang/linquxian/,临朐县
https://wf.lianjia.com//ershoufang/fangziqu/,坊子区
https://wf.lianjia.com//ershoufang/kuiwenqu/,奎文区
https://wf.lianjia.com//ershoufang/anqiushi/,安丘市
https://wf.lianjia.com//ershoufang/hantingqu/,寒亭区
https://wf.lianjia.com//ershoufang/shouguangshi/,寿光市
https://wf.lianjia.com//ershoufang/changlexian/,昌乐县
https://wf.lianjia.com//ershoufang/changyishi/,昌邑市
https://wf.lianjia.com//ershoufang/weichengqu/,潍城区
https://wf.lianjia.com//ershoufang/zhuchengshi/,诸城市
https://wf.lianjia.com//ershoufang/qingzhoushi/,青州市
https://wf.lianjia.com//ershoufang/gaomishi/,高密市
https://wf.lianjia.com//ershoufang/gaoxinjishuchanyekaifaqu/,高新技术产业开发区
https://weihai.lianjia.com//ershoufang/rushanshi/,乳山市
https://weihai.lianjia.com//ershoufang/wendengshi/,文登市
https://weihai.lianjia.com//ershoufang/huancuiqu/,环翠区
https://weihai.lianjia.com//ershoufang/rongchengshi/,荣成市
https://yt.lianjia.com//ershoufang/zhifu/,芝罘
https://yt.lianjia.com//ershoufang/laishan/,莱山
https://yt.lianjia.com//ershoufang/fushan/,福山
https://yt.lianjia.com//ershoufang/kaifaqu4/,开发区
https://yt.lianjia.com//ershoufang/gaoxinqu/,高新区
https://yt.lianjia.com//ershoufang/mouping/,牟平
https://zb.lianjia.com//ershoufang/linziqu/,临淄区
https://zb.lianjia.com//ershoufang/boshanqu/,博山区
https://zb.lianjia.com//ershoufang/zhoucunqu/,周村区
https://zb.lianjia.com//ershoufang/zhangdianqu/,张店区
https://zb.lianjia.com//ershoufang/huantaixian/,桓台县
https://zb.lianjia.com//ershoufang/yiyuanxian/,沂源县
https://zb.lianjia.com//ershoufang/zichuanqu/,淄川区
https://zb.lianjia.com//ershoufang/jingkaiqu5/,经开区
https://zb.lianjia.com//ershoufang/gaoxinqu7/,高新区
https://zb.lianjia.com//ershoufang/gaoqingxian/,高青县
https://baoji.lianjia.com//ershoufang/fengxian3/,凤县
https://baoji.lianjia.com//ershoufang/fengxiangxian/,凤翔县
https://baoji.lianjia.com//ershoufang/qianyangxian/,千阳县
https://baoji.lianjia.com//ershoufang/taibaixian/,太白县
https://baoji.lianjia.com//ershoufang/qishanxian/,岐山县
https://baoji.lianjia.com//ershoufang/fufengxian/,扶风县
https://baoji.lianjia.com//ershoufang/weibinqu/,渭滨区
https://baoji.lianjia.com//ershoufang/meixian/,眉县
https://baoji.lianjia.com//ershoufang/jintaiqu/,金台区
https://baoji.lianjia.com//ershoufang/longxian/,陇县
https://baoji.lianjia.com//ershoufang/chencangqu/,陈仓区
https://baoji.lianjia.com//ershoufang/linyouxian/,麟游县
https://hanzhong.lianjia.com//ershoufang/fopingxian/,佛坪县
https://hanzhong.lianjia.com//ershoufang/mianxian/,勉县
https://hanzhong.lianjia.com//ershoufang/nanzhengqu/,南郑区
https://hanzhong.lianjia.com//ershoufang/chengguxian/,城固县
https://hanzhong.lianjia.com//ershoufang/ningqiangxian/,宁强县
https://hanzhong.lianjia.com//ershoufang/hantaiqu/,汉台区
https://hanzhong.lianjia.com//ershoufang/yangxian/,洋县
https://hanzhong.lianjia.com//ershoufang/liubaxian/,留坝县
https://hanzhong.lianjia.com//ershoufang/lueyangxian/,略阳县
https://hanzhong.lianjia.com//ershoufang/xixiangxian/,西乡县
https://hanzhong.lianjia.com//ershoufang/zhenbaxian/,镇巴县
https://xa.lianjia.com//ershoufang/beilin/,碑林
https://xa.lianjia.com//ershoufang/weiyang/,未央
https://xa.lianjia.com//ershoufang/baqiao/,灞桥
https://xa.lianjia.com//ershoufang/xinchengqu/,新城区
https://xa.lianjia.com//ershoufang/lintong/,临潼
https://xa.lianjia.com//ershoufang/yanliang/,阎良
https://xa.lianjia.com//ershoufang/changan4/,长安
https://xa.lianjia.com//ershoufang/lianhu/,莲湖
https://xa.lianjia.com//ershoufang/yanta/,雁塔
https://xa.lianjia.com//ershoufang/lantian/,蓝田
https://xa.lianjia.com//ershoufang/huyiqu/,鄠邑区
https://xa.lianjia.com//ershoufang/zhouzhi/,周至
https://xa.lianjia.com//ershoufang/gaoling1/,高陵
https://xa.lianjia.com//ershoufang/xixianxinquxian/,西咸新区（西安）
https://xianyang.lianjia.com//ershoufang/jingyangxian/,泾阳县
https://xianyang.lianjia.com//ershoufang/changwuxian/,长武县
https://xianyang.lianjia.com//ershoufang/liquanxian/,礼泉县
https://xianyang.lianjia.com//ershoufang/sanyuanxian/,三原县
https://xianyang.lianjia.com//ershoufang/qianxian/,乾县
https://xianyang.lianjia.com//ershoufang/xunyixian/,旬邑县
https://xianyang.lianjia.com//ershoufang/weichengqu2/,渭城区
https://xianyang.lianjia.com//ershoufang/qinduqu/,秦都区
https://xianyang.lianjia.com//ershoufang/binxian1/,彬县
https://xianyang.lianjia.com//ershoufang/yongshouxian/,永寿县
https://xianyang.lianjia.com//ershoufang/chunhuaxian/,淳化县
https://xianyang.lianjia.com//ershoufang/wugongxian/,武功县
https://xianyang.lianjia.com//ershoufang/yanglingqu/,杨陵区
https://xianyang.lianjia.com//ershoufang/xingpingshi/,兴平市
https://xianyang.lianjia.com//ershoufang/xixianxinquxianyang/,西咸新区（咸阳）
https://ty.lianjia.com//ershoufang/xinghualingqu/,杏花岭区
https://ty.lianjia.com//ershoufang/yingzequ/,迎泽区
https://ty.lianjia.com//ershoufang/wanbolinqu/,万柏林区
https://ty.lianjia.com//ershoufang/xiaodianqu/,小店区
https://ty.lianjia.com//ershoufang/jiancaopingqu/,尖草坪区
https://ty.lianjia.com//ershoufang/jinyuanqu/,晋源区
https://ty.lianjia.com//ershoufang/yangquxian/,阳曲县
https://ty.lianjia.com//ershoufang/loufanxian/,娄烦县
https://ty.lianjia.com//ershoufang/gujiaoshi/,古交市
https://ty.lianjia.com//ershoufang/qingxuxian/,清徐县
https://tj.lianjia.com//ershoufang/heping/,和平
https://tj.lianjia.com//ershoufang/nankai/,南开
https://tj.lianjia.com//ershoufang/hexi/,河西
https://tj.lianjia.com//ershoufang/hebei/,河北
https://tj.lianjia.com//ershoufang/hedong/,河东
https://tj.lianjia.com//ershoufang/hongqiao/,红桥
https://tj.lianjia.com//ershoufang/xiqing/,西青
https://tj.lianjia.com//ershoufang/beichen/,北辰
https://tj.lianjia.com//ershoufang/dongli/,东丽
https://tj.lianjia.com//ershoufang/jinnan/,津南
https://tj.lianjia.com//ershoufang/tanggu/,塘沽
https://tj.lianjia.com//ershoufang/kaifaqutj/,开发区
https://tj.lianjia.com//ershoufang/wuqing/,武清
https://tj.lianjia.com//ershoufang/binhaixinqu/,滨海新区
https://tj.lianjia.com//ershoufang/baodi/,宝坻
https://tj.lianjia.com//ershoufang/jizhou/,蓟州
https://tj.lianjia.com//ershoufang/haihejiaoyuyuanqu/,海河教育园区
https://km.lianjia.com//ershoufang/wuhua/,五华
https://km.lianjia.com//ershoufang/panlong/,盘龙
https://km.lianjia.com//ershoufang/guandu/,官渡
https://km.lianjia.com//ershoufang/xishan23/,西山
https://km.lianjia.com//ershoufang/chenggong/,呈贡
https://km.lianjia.com//ershoufang/jinning/,晋宁
https://km.lianjia.com//ershoufang/songming/,嵩明
https://km.lianjia.com//ershoufang/dongchuan/,东川
https://km.lianjia.com//ershoufang/fumin/,富民
https://km.lianjia.com//ershoufang/yiliang/,宜良
https://km.lianjia.com//ershoufang/shilin/,石林
https://km.lianjia.com//ershoufang/xundian/,寻甸
https://km.lianjia.com//ershoufang/luquan1/,禄劝
https://km.lianjia.com//ershoufang/anning/,安宁
https://hz.lianjia.com//ershoufang/xihu/,西湖
https://hz.lianjia.com//ershoufang/xiacheng/,下城
https://hz.lianjia.com//ershoufang/jianggan/,江干
https://hz.lianjia.com//ershoufang/gongshu/,拱墅
https://hz.lianjia.com//ershoufang/shangcheng/,上城
https://hz.lianjia.com//ershoufang/binjiang/,滨江
https://hz.lianjia.com//ershoufang/yuhang/,余杭
https://hz.lianjia.com//ershoufang/xiaoshan/,萧山
https://hz.lianjia.com//ershoufang/tonglu1/,桐庐
https://hz.lianjia.com//ershoufang/chunan1/,淳安
https://hz.lianjia.com//ershoufang/jiande/,建德
https://hz.lianjia.com//ershoufang/fuyang/,富阳
https://hz.lianjia.com//ershoufang/linan/,临安
https://hz.lianjia.com//ershoufang/xiasha/,下沙
https://huzhou.lianjia.com//ershoufang/huzhou/,湖州
https://huzhou.lianjia.com//ershoufang/changxingxian/,长兴县
https://huzhou.lianjia.com//ershoufang/deqingxian2/,德清县
https://huzhou.lianjia.com//ershoufang/wuxingqu/,吴兴区
https://huzhou.lianjia.com//ershoufang/anjixian/,安吉县
https://jx.lianjia.com//ershoufang/nanhuqu/,南湖区
https://jx.lianjia.com//ershoufang/tongxiangshi/,桐乡市
https://jx.lianjia.com//ershoufang/jiashanxian/,嘉善县
https://jx.lianjia.com//ershoufang/xiuzhouqu/,秀洲区
https://jx.lianjia.com//ershoufang/hainingshi1/,海宁市
https://jx.lianjia.com//ershoufang/haiyanxian/,海盐县
https://jx.lianjia.com//ershoufang/pinghushi/,平湖市
https://jh.lianjia.com//ershoufang/dongyangshi/,东阳市
https://jh.lianjia.com//ershoufang/yiwushi/,义乌市
https://jh.lianjia.com//ershoufang/lanxishi/,兰溪市
https://jh.lianjia.com//ershoufang/wuchengqu/,婺城区
https://jh.lianjia.com//ershoufang/wuyixian/,武义县
https://jh.lianjia.com//ershoufang/yongkangshi/,永康市
https://jh.lianjia.com//ershoufang/pujiangxian/,浦江县
https://jh.lianjia.com//ershoufang/pananxian/,磐安县
https://jh.lianjia.com//ershoufang/jindongqu/,金东区
https://nb.lianjia.com//ershoufang/haishuqu1/,海曙区
https://nb.lianjia.com//ershoufang/jiangbeiqu1/,江北区
https://nb.lianjia.com//ershoufang/zhenhaiqu1/,镇海区
https://nb.lianjia.com//ershoufang/beilunqu1/,北仑区
https://nb.lianjia.com//ershoufang/yinzhouqu2/,鄞州区
https://nb.lianjia.com//ershoufang/yuyaoshi/,余姚市
https://nb.lianjia.com//ershoufang/cixishi/,慈溪市
https://nb.lianjia.com//ershoufang/fenghuaqu/,奉化区
https://nb.lianjia.com//ershoufang/xiangshanxian/,象山县
https://nb.lianjia.com//ershoufang/ninghaixian/,宁海县
https://sx.lianjia.com//ershoufang/shangyuqu/,上虞区
https://sx.lianjia.com//ershoufang/shengzhoushi/,嵊州市
https://sx.lianjia.com//ershoufang/xinchangxian/,新昌县
https://sx.lianjia.com//ershoufang/keqiaoqu/,柯桥区
https://sx.lianjia.com//ershoufang/zhujishi/,诸暨市
https://sx.lianjia.com//ershoufang/yuechengqu/,越城区
https://taizhou.lianjia.com//ershoufang/sanmenxian/,三门县
https://taizhou.lianjia.com//ershoufang/linhaishi/,临海市
https://taizhou.lianjia.com//ershoufang/xianjuxian/,仙居县
https://taizhou.lianjia.com//ershoufang/tiantaixian/,天台县
https://taizhou.lianjia.com//ershoufang/jiaojiangqu/,椒江区
https://taizhou.lianjia.com//ershoufang/wenlingshi/,温岭市
https://taizhou.lianjia.com//ershoufang/yuhuanxian/,玉环县
https://taizhou.lianjia.com//ershoufang/luqiaoqu/,路桥区
https://taizhou.lianjia.com//ershoufang/huangyanqu/,黄岩区
https://wz.lianjia.com//ershoufang/yueqingshi/,乐清市
https://wz.lianjia.com//ershoufang/pingyangxian/,平阳县
https://wz.lianjia.com//ershoufang/wenchengxian/,文成县
https://wz.lianjia.com//ershoufang/yongjiaxian/,永嘉县
https://wz.lianjia.com//ershoufang/taishunxian/,泰顺县
https://wz.lianjia.com//ershoufang/dongtouxian/,洞头县
https://wz.lianjia.com//ershoufang/ruianshi/,瑞安市
https://wz.lianjia.com//ershoufang/ouhaiqu/,瓯海区
https://wz.lianjia.com//ershoufang/cangnanxian/,苍南县
https://wz.lianjia.com//ershoufang/luchengqu/,鹿城区
https://wz.lianjia.com//ershoufang/longwanqu/,龙湾区
